paper_id	pdf_path	match_status	resolved_title	doi	year
sha256-9dd8d39f589a46b4	articles/3d_genome_mechanism/Cavalli 2024 - Determining the functional relationship between epigenetic and physical chromatin domains in Drosophila.pdf	matched_via_doi	Determining the functional relationship between epigenetic and physical chromatin domains in Drosophila	10.21203/rs.3.rs-4901395/v1	2024
sha256-accfd29cd536a638	articles/3d_genome_mechanism/Ha 2023 biorxiv - Electrostatic encoding of genome organization principles within single native nucleosomes - SI.pdf	matched	Electrostatic encoding of genome organization principles within single native nucleosomes	10.1101/2023.12.08.570828	2023
sha256-f2f3c6c92e802e37	articles/3d_genome_mechanism/Ha 2023 biorxiv - Electrostatic encoding of genome organization principles within single native nucleosomes.pdf	matched	Electrostatic encoding of genome organization principles within single native nucleosomes	10.1101/2023.12.08.570828	2023
sha256-21902dda3d0ff2f6	articles/3d_genome_mechanism/Shenoy 2024 bioRxiv - Polymer Model Integrates Super-Resolution Imaging and Epigenomic Sequencing to Elucidate the Role of Epigenetic Reactions in Shaping 4D Chromatin Organization.pdf	matched	Polymer Model Integrates Super-Resolution Imaging and Epigenomic Sequencing to Elucidate the Role of Epigenetic Reactions in Shaping 4D Chromatin Organization	10.1101/2024.10.08.617296	2024
sha256-b1de75a1a13f100c	articles/3d_genome_mechanism/sasai_2022_pnas_genome_simulation_phase_separation.pdf	not_found	Investigation of phase separation of mixture of oil and water in Monte Carlo simulation	10.1080/01496395.2025.2576539	2025
sha256-5b293e90261b690e	articles/3d_genome_theory/Polovnikov 2026 PNAS - A universal polymer signature in Hi-C resolves cohesin loop density and supports monomeric extrusion.pdf	needs_manual_review	A universal polymer signature in Hi-C resolves cohesin loop density and supports monomeric extrusion	10.1101/2025.09.04.674214	2025
sha256-4fd38a18719df4a5	articles/AAMD_studies/sugita_2015_JMolGraphModel_mycoplasma_cytoplasm.pdf	matched_via_doi	Complete atomistic model of a bacterial cytoplasm for integrating physics, biochemistry, and systems biology	10.1016/j.jmgm.2015.02.004	2015
sha256-8746e8dbd272a3a3	articles/AI_general/Friederich 2026 NatMachIntell - Predicting new research directions in materials science using large language models and concept graphs.pdf	needs_manual_review	Predicting New Research Directions in Materials Science using Large Language Models and Concept Graphs	10.48550/arXiv.2506.16824	2025
sha256-20eba239003b9333	articles/DNA_mechanics/Lankas 2025 JCIM - sequence-dependent-shape-and-stiffness-of-dna-and-rna-double-helices-hexanucleotide-scale-and-beyond - correction.pdf	matched_via_doi	Sequence-Dependent Shape and Stiffness of DNA and RNA Double Helices: Hexanucleotide Scale and Beyond	10.1021/acs.jcim.5c00576	2025
sha256-696da703494132ac	articles/DNA_mechanics/Lankas 2025 JCIM - sequence-dependent-shape-and-stiffness-of-dna-and-rna-double-helices-hexanucleotide-scale-and-beyond.pdf	matched	Sequence-Dependent Shape and Stiffness of DNA and RNA Double Helices: Hexanucleotide Scale and Beyond	10.1101/2025.02.27.640607	2025
sha256-1564dc6b5e855f7a	articles/DNA_mechanics/olson_1994_JMolBiol_nucleic_acids_structure_analysis.pdf	matched	Nucleic acid structure analysis. Mathematics for local Cartesian and helical structure parameters that are truly comparable between structures.	10.1006/JMBI.1994.1213	1994
sha256-acfb90151bbe46f6	articles/IDPs_theory/Sevink 2026 biorxiv - The missing link between biomolecular condensates and amyloid fibrils.pdf	matched	The missing link between biomolecular condensates and amyloid fibrils	10.64898/2026.01.27.702026	2026
sha256-2dda5958c00c1a86	articles/LLPS_theory_and_experiment/Brangwynne 2023 bioRxiv - Asymmetric oligomerization state and sequence patterning can tune multiphase condensate miscibility.pdf	matched	Asymmetric oligomerization state and sequence patterning can tune multiphase condensate miscibility	10.1038/s41557-024-01456-6	2023
sha256-c33569fb02136f54	articles/LLPS_theory_and_experiment/collepardo-guevara_2020_pnas_llps_valency_si.pdf	not_found	BPS2026 – Principles of client enrichment through scaffold-client interactions in biomolecular condensates	10.1016/j.bpj.2025.11.1800	2026
sha256-a10b0de31a8a19e2	articles/LLPS_theory_and_experiment/vendruscolo_2020_PlosCompBiol_fuzzy_binding_prediction.pdf	needs_manual_review	Competing Interests: The authors have declared that no competing interests exist.		2010
sha256-e7fd06e5cd4c3478	articles/SMC/Dekker - bioRxiv 2020 - Resolving the step size in condensin‐driven DNA loop extrusion identifies ATP binding as the step‐generating process.pdf	matched	Resolving the step size in condensin-driven DNA loop extrusion identifies ATP binding as the step-generating process	10.1101/2020.11.04.368506	2020
sha256-a3839fe22bd91de2	articles/SMC/Yu - Science 2019 - Human cohesin compacts DNA by loop extrusion.pdf	matched	Human cohesin compacts DNA by loop extrusion	10.1126/science.aaz4475	2019
sha256-7c1a0ef5de02c8a8	articles/SMC/Yu - Science 2020 - Cryo-EM structure of the human cohesin-NIPBL-DNA complex.pdf	matched	Cryo-EM structure of the human cohesin-NIPBL-DNA complex	10.1126/science.abb0981	2020
sha256-e2aa9ea82c635d55	articles/SMC_mechanism/Haering 2022 Science - Hold-and-feed_mechanism_condensin.pdf	needs_manual_review	A hold-and-feed mechanism drives directional DNA loop extrusion by condensin	10.1126/science.abm4012	2021
sha256-3a71a2ddab6ff54e	articles/TF-DNA_interactions/Schaepe 2025 Cell - Thermodynamic principles link in vitro transcription factor affinities to single-molecule chromatin states in cells.pdf	matched_via_doi	Thermodynamic principles link in vitro transcription factor affinities to single-molecule chromatin states in cells	10.1016/j.cell.2025.11.008	2026
sha256-af3cae53dc3ab2ea	articles/TF_condensation_and_gene_regulation/Sabari 2024 MolCell - Disorder-mediated interactions target proteins to specific condensates.pdf	matched	Disorder-mediated interactions target proteins to specific condensates.	10.1016/j.molcel.2024.08.017	2024
sha256-813d8efb5a8020bb	articles/TF_condensation_and_gene_regulation/Wu 2024 NatCellBiol - Disordered C-terminal domain drives spatiotemporal confinement of RNAPII to enhance search for chromatin targets.pdf	needs_manual_review	Disordered C-terminal domain drives spatiotemporal confinement of RNAPII to enhance search for chromatin targets	10.1038/s41556-024-01382-2	2023
sha256-f011a341907eb96d	articles/TF_condensation_and_gene_regulation/Young 2022 bioRxiv - Transcription factors interact with RNA to regulate genes.pdf	needs_manual_review	Transcription factors interact with RNA to regulate genes.	10.1016/j.molcel.2023.06.012	2023
sha256-2a260e7ff124c0b3	articles/TF_dynamics/lionnet_2021_cshpb_transcription_factor_dynamics_review.pdf	not_found	SIX1 transcription factor: A review of cellular functions and regulatory dynamics.	10.1016/j.ijbiomac.2021.10.133	2021
sha256-beaca38d959c2685	articles/chromatin_and_gene_regulation/Fukaya 2023 SciAdv - Enhancer dynamics review.pdf	matched_via_doi	Enhancer dynamics: Unraveling the mechanism of transcriptional bursting	10.1126/sciadv.adj3366	2023
sha256-4b8f042fcd322545	articles/chromatin_and_gene_regulation/Giorgetti 2025 bioRxiv - Loop extrusion creates rare, long-lived encounters underlying enhancer-promoter communication - SI.pdf	matched	Loop extrusion creates rare, long-lived encounters underlying enhancer-promoter communication	10.1101/2025.09.24.678119	2025
sha256-63513bb245962dc4	articles/chromatin_and_gene_regulation/Giorgetti 2025 bioRxiv - Loop extrusion creates rare, long-lived encounters underlying enhancer-promoter communication.pdf	matched	Loop extrusion creates rare, long-lived encounters underlying enhancer-promoter communication	10.1101/2025.09.24.678119	2025
sha256-a2053dbeb3a980c4	articles/chromatin_and_gene_regulation/Gregor 2023 Science - Stochastic motion and transcriptional dynamics ofpairs of distal DNA loci on a compacted chromosome.pdf	needs_manual_review	Stochastic motion and transcriptional dynamics of pairs of distal DNA loci on a compacted chromosome	10.1126/science.adf5568	2023
sha256-4ad0bdb04c38d7f7	articles/chromatin_and_gene_regulation/Han 2023 biorxiv - Machine learning of enhancer-promoter specificity based on enhancer perturbation studies reveals a distinct class of enhancers.pdf	matched	Machine learning of enhancer-promoter specificity based on enhancer perturbation studies reveals a distinct class of enhancers	10.1101/2023.06.30.547290	2023
sha256-ce01247cb1fa3b1b	articles/chromatin_and_gene_regulation/Lieberman Aiden 2024 bioRxiv - Cohesin-mediated 3D contacts tune enhancer-promoter regulation.pdf	matched	Cohesin-mediated 3D contacts tune enhancer-promoter regulation	10.1101/2024.07.12.603288	2024
sha256-25df97042ccea808	articles/chromatin_and_gene_regulation/Marenduzzo 2024 bioRxiv - Bridging-Induced Phase Separation and Loop Extrusion Drive Noise in Chromatin Transcription.pdf	matched	Bridging-Induced Phase Separation and Loop Extrusion Drive Noise in Chromatin Transcription.	10.1103/bjq4-xnsy	2024
sha256-9841567cb55c1d41	articles/chromatin_and_gene_regulation/Ochiai 2023 biorxiv - Transcription-coupled changes in higher-order genomic structure and transcription hub viscosity prolong enhancer-promoter connectivity.pdf	matched	Transcription-coupled changes in higher-order genomic structure and transcription hub viscosity prolong enhancer-promoter connectivity	10.1101/2023.11.27.568629	2023
sha256-ed1fe04ac2c2d68b	articles/chromatin_and_gene_regulation/Papantonis 2023 bioRxiv - Competition between transcription and loop extrusion modulates promoter and enhancer dynamics.pdf	matched	Competition between transcription and loop extrusion modulates promoter and enhancer dynamics	10.21203/rs.3.rs-3164817/v1	2023
sha256-c932592c056c94ff	articles/chromatin_and_gene_regulation/Razin 2023 biorxiv - A genome-wide nucleosome-resolution map of promoter-centered interactions in human cells corroborates the enhancer-promoter looping model.pdf	needs_manual_review	A genome-wide nucleosome-resolution map of promoter-centered interactions in human cells corroborates the enhancer-promoter looping model	10.1101/2023.02.12.528105	2024
sha256-b154b47770613e11	articles/chromatin_and_gene_regulation/bickmore_2022_birxiv_cohesin_required_for_long-range_enhancer_action.pdf	needs_manual_review	Cohesin is required for long-range enhancer action	10.1101/2021.06.24.449812	2021
sha256-ea41faac955fb4b1	articles/chromatin_and_gene_regulation/chakraborty_2023_NatGenet_Sox2_enhancer-promoter_interactions_bypassing_CTCF.pdf	matched_via_doi	Enhancer–promoter interactions can bypass CTCF-mediated boundaries and contribute to phenotypic robustness	10.1038/s41588-022-01295-6	2023
sha256-668740e87c61fd63	articles/chromatin_and_gene_regulation/drouin_2022_NatRevMolCellBiol_pioneer_factors.pdf	not_found	Pioneer factors: nature or nurture?	10.1080/10409238.2024.2355885	2024
sha256-21bdf165d7c9607d	articles/chromatin_and_gene_regulation/ochiai_2022_biorxiv_straming-tag_method.pdf	matched	STREAMING-tag system reveals spatiotemporal relationships between transcriptional regulatory factors and transcriptional activity	10.1101/2022.01.06.472721	2022
sha256-ec1faeb966376b99	articles/chromatin_and_gene_regulation/oudelaar_2022_NatCommun_cohesin_and_ctcf_effect_on_chromatin_topology_and_gene_expression_SI.pdf	not_found	Supplementary Figures and Tables		
sha256-4cc229d54c90eabe	articles/chromatin_and_gene_regulation/zhang_2022_biorxiv_enhancer-promoter_communication_transcription_theory.pdf	not_found	Enhancer-promoter communication in Drosophila developmental gene transcription.	10.1387/ijdb.230218gh	2024
sha256-afe4fd9b47ec8ab2	articles/chromatin_remodelers/Bartholomew - Nat Commun 2017 - INO80 exchanges H2A.Z for H2A by translocating on DNA proximal to histone dimers.pdf	matched	INO80 exchanges H2A.Z for H2A by translocating on DNA proximal to histone dimers	10.1038/ncomms15616	2017
sha256-2e4a61b7c7a7c75e	articles/chromatin_remodelers/Bartholomew 2023 rs - New insights into the mechanism and DNA-sequence specificity of INO80 chromatin remodeling.pdf	matched	New insights into the mechanism and DNA-sequence specificity of INO80 chromatin remodeling	10.21203/rs.3.rs-3443329/v1	2023
sha256-5ca19ea78cf1ce20	articles/chromatin_remodelers/Bowman - Annu Rev Biophys 2021 - Biophysics of Chromatin Remodeling.pdf	not_found	Chromatin-remodeling for transcription	10.1017/S003358351700004X	2017
sha256-26cd4d958e4c936b	articles/chromatin_remodelers/Bowman - J Mol Biol 2017 - The Sequence of Nucleosomal DNA Modulates Sliding by the Chd1 Chromatin Remodeler.pdf	matched	The Sequence of Nucleosomal DNA Modulates Sliding by the Chd1 Chromatin Remodeler.	10.1016/j.jmb.2017.02.002	2017
sha256-ec4e9603d59b2ce5	articles/chromatin_remodelers/Bowman - Mol Cell 2017 - Interdomain Communication of the Chd1 Chromatin Remodeler across the DNA Gyres of the Nucleosome.pdf	matched	Interdomain Communication of the Chd1 Chromatin Remodeler across the DNA Gyres of the Nucleosome.	10.1016/j.molcel.2016.12.011	2017
sha256-4207466fc94bea3a	articles/chromatin_remodelers/Bowman - Mol Cell 2017 - The Chd1 Chromatin Remodeler Shifts Nucleosomal DNA Bidirectionally as a Monomer.pdf	matched	The Chd1 Chromatin Remodeler Shifts Nucleosomal DNA Bidirectionally as a Monomer.	10.1016/j.molcel.2017.08.018	2017
sha256-392925886048c01c	articles/chromatin_remodelers/Bowman - Nat Commun 2019 - Direct observation of coordinated DNA movements on the nucleosome during chromatin remodelling.pdf	matched	Direct observation of coordinated DNA movements on the nucleosome during chromatin remodelling	10.1038/s41467-019-09657-1	2019
sha256-938e1447a8a565d4	articles/chromatin_remodelers/Bowman - eLife 2018 - A twist defect mechanism for ATP-dependent translocation of nucleosomal DNA.pdf	matched	A twist defect mechanism for ATP-dependent translocation of nucleosomal DNA	10.7554/eLife.34100	2018
sha256-34fe7960e6e42ec6	articles/chromatin_remodelers/Brangwynne 2023 Cell - A disordered region controls cBAF activity via condensation and partner recruitment.pdf	matched	A disordered region controls cBAF activity via condensation and partner recruitment.	10.1016/j.cell.2023.08.032	2023
sha256-102edbc66c2b6a49	articles/chromatin_remodelers/Chen - Nat Struct Mol Biol 2019 - Structures of the ISWI–nucleosome complex reveal a conserved mechanism of chromatin remodeling.pdf	matched	Structures of the ISWI–nucleosome complex reveal a conserved mechanism of chromatin remodeling	10.1038/s41594-019-0199-9	2019
sha256-d491818fa08fe428	articles/chromatin_remodelers/Chen - Nature 2017 - Mechanism of chromatin remodelling revealed by the Snf2-nucleosome structure.pdf	matched	Mechanism of chromatin remodelling revealed by the Snf2-nucleosome structure	10.1038/nature22036	2017
sha256-9ebff4663fbfa190	articles/chromatin_remodelers/Chen - Nature 2019 - Mechanism of DNA translocation underlying chromatin remodelling by Snf2.pdf	matched	Mechanism of DNA translocation underlying chromatin remodelling by Snf2	10.1038/s41586-019-1029-2	2019
sha256-de0db5e56e73eb4c	articles/chromatin_remodelers/Chen 2025 Science - Structural insights into chromatin remodeling by ISWI during active ATP hydrolysis.pdf	matched	Structural insights into chromatin remodeling by ISWI during active ATP hydrolysis.	10.1126/science.adu5654	2025
sha256-c152bc6f43bfb743	articles/chromatin_remodelers/Clapier 2021 ijms - Sophisticated Conversations between Chromatin and Chromatin Remodelers and Dissonances in Cancer.pdf	matched	Sophisticated Conversations between Chromatin and Chromatin Remodelers, and Dissonances in Cancer	10.3390/ijms22115578	2021
sha256-98eae12f4906c358	articles/chromatin_remodelers/Clark 2024 NSMB - The yeast genome is globally accessible in living cells.pdf	matched	The yeast genome is globally accessible in living cells	10.1038/s41594-024-01318-2	2024
sha256-97ab5f8482e714c3	articles/chromatin_remodelers/Cramer - Nature 2017 - Nucleosome-Chd1 structure and implications for chromatin remodelling.pdf	matched	Nucleosome-Chd1 structure and implications for chromatin remodelling	10.1038/nature24046	2017
sha256-7cdb73c784f4d30d	articles/chromatin_remodelers/Cramer - bioRxiv 2020 - Structural basis of nucleosome transcription mediated by Chd1 and FACT.pdf	matched	Structural basis of nucleosome transcription mediated by Chd1 and FACT	10.1101/2020.11.30.403857	2020
sha256-dc3a4256f4917ff7	articles/chromatin_remodelers/Eustermann 2023 Science - Hexasome-INO80 complex reveals structural basis ofnoncanonical nucleosome remodeling.pdf	matched	Hexasome-INO80 complex reveals structural basis of noncanonical nucleosome remodeling	10.1126/science.adf6287	2023
sha256-a84acfb2019aa3f4	articles/chromatin_remodelers/Henikoff 2024 MolCell - Epigenetic pioneering by SWI-SNF family remodelers.pdf	matched_via_doi	Epigenetic pioneering by SWI/SNF family remodelers	10.1016/j.molcel.2023.10.045	2024
sha256-6dbd901ad646d5b5	articles/chromatin_remodelers/Korber 2023 NAR - A single fiber view of the nucleosome organization in eukaryotic chromatin.pdf	matched	A single fiber view of the nucleosome organization in eukaryotic chromatin	10.1093/nar/gkad1098	2023
sha256-084a70ed82739782	articles/chromatin_remodelers/Leisegang 2024 bioRxiv - Long non-coding RNAs direct the SWI-SNF complex to cell-specific enhancers.pdf	matched	Long non-coding RNAs direct the SWI/SNF complex to cell-specific enhancers	10.1101/2024.03.21.585172	2024
sha256-a92601a37154c671	articles/chromatin_remodelers/Luger - Nature 2020 - FACT caught in the act of manipulating the nucleosome.pdf	matched	FACT caught in the act of manipulating the nucleosome	10.1038/s41586-019-1820-0	2019
sha256-acfc5b7ea101c9e4	articles/chromatin_remodelers/Luk 2025 PLoS Biol - H2A.Z deposition by the SWR complex is stimulated by polyadenine DNA sequences in nucleosomes.pdf	matched	H2A.Z deposition by the SWR complex is stimulated by polyadenine DNA sequences in nucleosomes	10.1371/journal.pbio.3003059	2025
sha256-bf517e33e27aeeae	articles/chromatin_remodelers/Narlikar 2023 NSMB - Nucleosome density shapes kilobase-scale regulation by a mammalian chromatin remodeler.pdf	matched	Nucleosome density shapes kilobase-scale regulation by a mammalian chromatin remodeler	10.1038/s41594-023-01093-6	2023
sha256-021e46b7daba8325	articles/chromatin_remodelers/Oudelaar 2023 bioRxiv - In vitro reconstitution of chromatin domains.pdf	matched	In vitro reconstitution of chromatin domains shows a role for nucleosome positioning in 3D genome organization	10.1038/s41588-023-01649-8	2023
sha256-12277092269c4e6d	articles/chromatin_remodelers/Oudelaar 2024 NatGenet - In vitro reconstitution of chromatin domains shows a role for nucleosome positioning in 3D genome organization.pdf	matched_via_doi	In vitro reconstitution of chromatin domains shows a role for nucleosome positioning in 3D genome organization	10.1038/s41588-023-01649-8	2024
sha256-a5351d89a60ee6cb	articles/chromatin_remodelers/Peterson 2024 Mol Cell - Heterochromatin- Hiding from the remodeling machines.pdf	matched	Heterochromatin: Hiding from the remodeling machines.	10.1016/j.molcel.2024.08.012	2024
sha256-d27b93f5fe74f1e0	articles/chromatin_remodelers/Schiessel - Master Thesis 2020 - Single base pair twist defect driven re-positioning of nucleosomes.pdf	not_found	Single base pair twist defect driven re positioning of nucleosomes		
sha256-33a71c7a49b3f1ff	articles/chromatin_remodelers/Schiessel 2024 PRR - Molecular motor in a box- Attractors repellers and ratchets in chromatin.pdf	matched	Molecular motor in a box: Attractors, repellers, and ratchets in chromatin	10.1103/physrevresearch.6.023236	2024
sha256-e499f4dd88198101	articles/chromatin_remodelers/Wang 2023 NSMB - Cooperation of chromatin remodeling SWI-SNF complex and pioneer factor AP-1 shapes 3D enhancer landscapes.pdf	matched_via_doi	Cooperation of chromatin remodeling SWI/SNF complex and pioneer factor AP-1 shapes 3D enhancer landscapes	10.1038/s41594-022-00880-x	2023
sha256-e00a03228b6ea9b5	articles/chromatin_remodelers/Wani 2024 SciAdv - Genome wide nucleosome landscape shapes 3D chromatin organization.pdf	matched	Genome wide nucleosome landscape shapes 3D chromatin organization	10.1126/sciadv.adn2955	2024
sha256-faf2adb986388860	articles/chromatin_remodelers/Wigley - Nature 2018 - Structure and regulation of the human INO80–nucleosome complex.pdf	matched	Structure and regulation of the human INO80–nucleosome complex	10.1038/s41586-018-0021-6	2018
sha256-fafb9c5be46dfb0e	articles/chromatin_remodelers/Wigley - Science 2018 - Structure and dynamics of the yeast SWR1-nucleosome complex.pdf	matched	Structure and dynamics of the yeast SWR1-nucleosome complex	10.1126/science.aat7716	2018
sha256-cec4722f9a886a61	articles/chromatin_remodelers/bowman_2022_NatStructMolBiol_cryoem_chd1_defect.pdf	matched	Nucleosome recognition and DNA distortion by the Chd1 remodeler in a nucleotide-free state	10.1038/s41594-021-00719-x	2022
sha256-9e6319c4a9427689	articles/chromatin_remodelers/hopfner_2018_INO80_struture.pdf	matched_via_doi	Structural basis for ATP-dependent chromatin remodelling by the INO80 complex	10.1038/s41586-018-0029-y	2018
sha256-00078ef4424df31b	articles/chromatin_remodelers/hopfner_2021_NatCommun_INO80_genome_information_processing.pdf	matched_via_doi	Genome information processing by the INO80 chromatin remodeler positions nucleosomes	10.1038/s41467-021-23016-z	2021
sha256-81c5c299302400c8	articles/chromatin_remodelers/korber_2021_NatCommun_INO80_genome_information_processing.pdf	matched_via_doi	Genome information processing by the INO80 chromatin remodeler positions nucleosomes	10.1038/s41467-021-23016-z	2021
sha256-35f8c0a812bbb25c	articles/chromatin_remodelers/korber_2021_NatCommun_ruler_elements_set_nucleosome_arrays.pdf	matched_via_doi	Ruler elements in chromatin remodelers set nucleosome array spacing and phasing	10.1038/s41467-021-23015-0	2021
sha256-e69bade3c56b5975	articles/chromatin_structure_and_dynamics/Collepardo-Guevara 2025 bioRxiv - Near-atomistic simulations reveal the molecular principles that control chromatin structure1and phase separation.pdf	matched	Near-atomistic simulations reveal the molecular principles that control chromatin structure and phase separation	10.1101/2025.11.17.688899	2025
sha256-9356feaf12d2deeb	articles/chromatin_structure_and_dynamics/Julicher 2024 arXiv - Active Loop Extrusion guides DNA-Protein Condensation.pdf	matched	Active Loop Extrusion guides DNA-Protein Condensation	10.1101/2024.07.03.601883	2024
sha256-f3ef13a0ff81d479	articles/chromatin_structure_and_dynamics/Lequieu 2024 bioRxiv - A molecular view into the structure and dynamics of phase-separated chromatin.pdf	matched	A Molecular View into the Structure and Dynamics of Phase-Separated Chromatin	10.1021/acs.jpcb.4c04420	2024
sha256-8c19da342fe8942c	articles/chromatin_structure_and_dynamics/Maeshima 2025 bioRxiv - Cohesin prevents local mixing of condensed euchromatic domains in living human cells.pdf	needs_manual_review	Cohesin prevents local mixing of condensed euchromatic domains in living human cells	10.1101/2025.08.27.672592	2026
sha256-37b157804b305cee	articles/chromatin_structure_and_dynamics/Maeshima 2025 bioRxiv - Linker histone H1 functions as a liquid-like glue to organize chromatin in living human cells.pdf	matched	Linker histone H1 functions as a liquid-like glue to organize chromatin in living human cells	10.1101/2025.03.05.641622	2025
sha256-e96b7e64885fb8a3	articles/chromatin_structure_and_dynamics/Rosen 2025 Science - Multiscale structure of chromatin condensates explains phase separation and material properties.pdf	needs_manual_review	Multiscale structure of chromatin condensates explains phase separation and material properties	10.1126/science.adv6588	2025
sha256-a2541495008c48fb	articles/coarse-graining/Lindorff-Larsen 2024 bioRxiv - A coarse-grained model for disordered and multi-domain proteins.pdf	matched	A coarse‐grained model for disordered and multi‐domain proteins	10.1002/pro.5172	2024
sha256-ac9fa886260ace59	articles/coarse-graining/Tesei 2025 bioRxiv - A coarse-grained model for disordered proteins under crowded conditions.pdf	matched	A coarse‐grained model for disordered proteins under crowded conditions	10.1002/pro.70232	2025
sha256-25725ad620d5b9b6	articles/coarse-graining/Xu 2026 JCTC - Automatic Refinement of Force Fields Based on Phase Diagrams.pdf	matched_via_doi	Automatic Refinement of Force Fields Based on Phase Diagrams	10.1021/acs.jctc.5c02032	2026
sha256-befc2cb74e50b966	articles/coarse-graining/clementi_2019_ACSCentSci_CGnet.pdf	not_found	CGNet: Few-shot learning for Intracranial Hemorrhage Segmentation	10.1016/j.compmedimag.2025.102505	2025
sha256-a5a66ed063269a16	articles/coarse-graining/noe_2022_arxiv_force_matching_without_forces.pdf	matched	Force-matching Coarse-Graining without Forces	10.48550/arXiv.2203.11167	2022
sha256-f0dcea6b9cdcf232	articles/coarse-graining/tesei_2021_HPS_CG_model_for_IDPs_SI.pdf	not_found	Developing Bonded Potentials for a Coarse-Grained Model of Intrinsically Disordered Proteins	10.1021/acs.jcim.2c00450	2022
sha256-615010535ae1a0a8	articles/crystallography_and_related/cheng_2012_electron_crystallography_book.pdf	matched_via_doi	Electron Crystallography of Soluble and Membrane Proteins	10.1007/978-1-62703-176-9	2013
sha256-cd0728124d8bad78	articles/crystallography_and_related/unwin_1975_JMolBiol_2d_crystal_structure_determination.pdf	not_found	2D Crystal Structure Determination of Bilayer Silicene and Germanene Using Transmission Electron Microscopy		2019
sha256-c45486d056359f97	articles/deep_learning_MD/AlQuraishi 2023 biorxiv - OpenFold- Retraining AlphaFold2 yields new insights into its learning mechanisms and capacity for generalization.pdf	matched	OpenFold: Retraining AlphaFold2 yields new insights into its learning mechanisms and capacity for generalization	10.1038/s41592-024-02272-z	2023
sha256-58a466c76303e23c	articles/deep_learning_MD/DeFabritiis 2023 arXiv - Top-down machine learning of coarse-grained protein force-fields.pdf	matched	Top-Down Machine Learning of Coarse-Grained Protein Force Fields	10.1021/acs.jctc.3c00638	2023
sha256-6722bd3074af7a1c	articles/deep_learning_MD/DePablo 2025 PlosCompBiol - Chromatin structures from integrated AI and polymer physics model.pdf	matched_via_doi	Chromatin structures from integrated AI and polymer physics model	10.1371/journal.pcbi.1012912	2025
sha256-fc6b8253ea936150	articles/deep_learning_MD/Jacobson 2025 bioRxiv - Equijump.pdf	not_found	MIT Open Access Articles Direct Prediction of Phonon Density of States With Euclidean Neural Networks		
sha256-738f63e6f999f5e8	articles/deep_learning_MD/Noe 2023 arxiv - Navigating protein landscapes with a machine-learned transferable coarse-grained model.pdf	matched	Navigating protein landscapes with a machine-learned transferable coarse-grained model	10.1038/s41557-025-01874-0	2023
sha256-2636d50350a9179a	articles/deep_learning_MD/Olsson 2026 SciAdv - Transferable generative models bridge femtosecond tonanosecond time-step molecular dynamics.pdf	needs_manual_review	Transferable generative models bridge femtosecond to nanosecond time-step molecular dynamics	10.1126/sciadv.aed2333	2025
sha256-67ebf79abda0761e	articles/deep_learning_MD/de Pablo 2025 PlosComputBiol - Chromatin structures from integrated AI and polymer physics model.pdf	matched_via_doi	Chromatin structures from integrated AI and polymer physics model	10.1371/journal.pcbi.1012912	2025
sha256-47adee7f35904736	articles/deep_learning_proteins/Young 2025 Science - Protein codes promote selective subcellular compartmentalization.pdf	needs_manual_review	Protein codes promote selective subcellular compartmentalization	10.1101/2024.04.15.589616	2024
sha256-384624231b22e266	articles/deep_learning_theory/Ho 2020 arxiv - Denoising Diffusion Probabilistic Models.pdf	matched	Denoising Diffusion Probabilistic Models		2020
sha256-bdcb63b79ed88f64	articles/deep_learning_theory/Kingma 2013 arxiv - Auto-Encoding Variational Bayes.pdf	matched	Auto-Encoding Variational Bayes		2013
sha256-d87d482d5ae7960e	articles/deep_learning_theory/Polosukhin 2017 NIPS - attention-is-all-you-need.pdf	matched	Attention is All you Need		2017
sha256-4b61540854571c19	articles/deep_learning_theory/Sohl-Dickstein 2015 - Deep Unsupervised Learning using Nonequilibrium Thermodynamics.pdf	matched	Deep Unsupervised Learning using Nonequilibrium Thermodynamics		2015
sha256-73875aac701bc4ab	articles/deep_learning_theory/Vanden-Eijnden 2023 - Building Normalizing Flows with Stochastic Interpolants.pdf	needs_manual_review	Building Normalizing Flows with Stochastic Interpolants	10.48550/arXiv.2209.15571	2022
sha256-293e271d61fe8281	articles/evolution/DeLeonardis 2025 MolBiolEvol - Reconstruction of Ancestral Protein Sequences Using Autoregressive Generative Models.pdf	matched_via_doi	Reconstruction of Ancestral Protein Sequences Using Autoregressive Generative Models	10.1093/molbev/msaf070	2025
sha256-bedc4618cb8b5797	articles/for_sam/Brandani 2023 - Multiscale Bayesian Simulations Reveal Functional Chromatin Condensation of Gene Loci.pdf	matched	Multiscale Bayesian simulations reveal functional chromatin condensation of gene loci	10.1101/2023.12.01.569511	2023
sha256-6a19798e12a0deff	articles/gene_regulation_mechanism/kornberg_2005_TrendsBiochemSci_mediator_review.pdf	not_found	Therapeutic alliance as a mediator of change: A systematic review and evaluation of research.	10.1016/j.cpr.2020.101921	2020
sha256-2feecee0a5922429	articles/gene_regulation_mechanism/shilatifard_2018_NatRev_control_of_transcription_elongation.pdf	not_found	Thelephoric acid and Kynapcin-9 in Mushroom Polyozellus multiflex Inhibit Prolyl Endopeptidase In Vitro		1999
sha256-94c89b714accfdbe	articles/genome_folding_phase_separation/Casellas - bioRxiv 2020 - Structure of the Mammalian Mediator.pdf	matched	Structure of the Mammalian Mediator	10.1101/2020.10.05.326918	2020
sha256-cd423bf4cb8a93ee	articles/neuroscience/Hopfield 1982 PNAS - neural-networks-and-physical-systems-with-emergent-collective-computational-abilities.pdf	matched	Neural networks and physical systems with emergent collective computational abilities.	10.1073/PNAS.79.8.2554	1982
sha256-8bdb0283cf13cdb4	articles/neuroscience/Seung 2003 Neuron - Learning in spiking neural networks by reinforcement of stochastic synaptic transmission.pdf	matched	Learning in spiking neural networks by reinforcement of stochastic synaptic transmission.	10.1016/S0896-6273(03)00761-X	2003
sha256-0ea950b230174c3f	articles/neuroscience/bi_1999_JNeurosci_synaptic_plasticity.pdf	not_found	Emerging Role of Astrocytes in Striatal Synaptic Plasticity	10.1523/JNEUROSCI.2481-20.2020	2021
sha256-97ca6ee95856334c	articles/neuroscience/masquelier_2007_PCB_learning_visual_features_through_STDP.pdf	matched	Unsupervised Learning of Visual Features through Spike Timing Dependent Plasticity	10.1371/journal.pcbi.0030031	2007
sha256-9f15c5270091927f	articles/neuroscience/shahaf_2001_JNeurosci_learning_in_networks_of_cortical_neurons.pdf	not_found	SapiAgent: A Bot Based on Deep Learning to Generate Human-Like Mouse Trajectories	10.1109/ACCESS.2021.3111098	2021
sha256-8ca8ba3c24b8bd49	articles/nucleosome_positioning/Eustermann - bioRxiv 2020 - Genome information processing by the INO80 chromatin remodeler positions nucleosomes.pdf	matched	Genome information processing by the INO80 chromatin remodeler positions nucleosomes	10.1038/s41467-021-23016-z	2020
sha256-da4ec45549d2d5fe	articles/nucleosome_positioning/Henikoff - Genome Biol - Precise genome-wide mapping of single nucleosomes and linkers in vivo.pdf	matched	Precise genome-wide mapping of single nucleosomes and linkers in vivo	10.1186/s13059-018-1398-0	2018
sha256-d226d4b6a1f29923	articles/nucleosome_positioning/Song 2017 bioRxiv - A unified computational framework for modeling genome-wide nucleosome landscape.pdf	matched	A unified computational framework for modeling genome-wide nucleosome landscape	10.1088/1478-3975/aadad2	2017
sha256-a10199c7fb683d10	articles/nucleosome_positioning/Widom - PNAS 2013 - Organization of spacer DNA in chromatin.pdf	matched	Organization of spacer DNA in chromatin.	10.1073/PNAS.76.12.6326	1979
sha256-665d91a79c75d089	articles/p53_aggregation/Brdar 2024 eLife - p53 isoforms have a high aggregation propensity.pdf	matched_via_doi	eLife Assessment: p53 isoforms have a high aggregation propensity, interact with chaperones and lack binding to p53 interaction partners	10.7554/elife.103537.1.sa2	2024
sha256-4613e021a7a01d01	articles/p53_aggregation/Das 2016 JPhysChemB -effect-of-mutation-on-an-aggregation-prone-segment-of-p53-from-monomer-to-dimer-to-multimer.pdf	matched	Effect of Mutation on an Aggregation-Prone Segment of p53: From Monomer to Dimer to Multimer.	10.1021/ACS.JPCB.6B07457	2016
sha256-ab7080f9a89eb042	articles/p53_aggregation/Fersht 2011 NAR - Single-Molecule characterization of oligomerization kinetics and equilibria of the tumor suppressor p53.pdf	matched_via_doi	Single-Molecule characterization of oligomerization kinetics and equilibria of the tumor suppressor p53	10.1093/nar/gkq800	2011
sha256-404b6b3d4fe59db9	articles/p53_aggregation/Forget 2013 PlosOne - p53_aggregation_plosone.pdf	matched_via_doi	p53 Aggregates Penetrate Cells and Induce the Co-Aggregation of Intracellular p53	10.1371/journal.pone.0069242	2013
sha256-7e31d2eefe61f8eb	articles/p53_aggregation/Ghosh 2014 Biochem -investigating-the-intrinsic-aggregation-potential-of-evolutionarily-conserved-segments-in-p53.pdf	matched	Investigating the intrinsic aggregation potential of evolutionarily conserved segments in p53.	10.1021/bi500825d	2014
sha256-8873acbe9543047b	articles/p53_aggregation/Kamagata 2020 SciRep - Liquid-like droplet formation by tumor suppressor p53 induced by multivalent electrostatic interactions between two disordered domains.pdf	matched	Liquid-like droplet formation by tumor suppressor p53 induced by multivalent electrostatic interactions between two disordered domains	10.1038/s41598-020-57521-w	2020
sha256-9665aed43e4f64b2	articles/p53_aggregation/Kwan 2023 COCB - Inhibition of p53 protein aggregation as a cancer treatment strategy.pdf	matched_via_doi	Inhibition of p53 protein aggregation as a cancer treatment strategy	10.1016/j.cbpa.2022.102230	2023
sha256-b934217ad446aed0	articles/p53_aggregation/Lei 2020 PCCP - Common cancer mutations R175H and R273H drive the p53 DNA-binding domain towards aggregation-prone conformations.pdf	matched	Common cancer mutations R175H and R273H drive the p53 DNA-binding domain towards aggregation-prone conformations.	10.1039/c9cp06671c	2020
sha256-5d529e51921e5cd1	articles/p53_aggregation/Lei 2021 PCCP - Molecular dynamics study on the inhibition mechanisms of ReACp53 peptide for p53–R175H mutant aggregation.pdf	matched	Molecular dynamics study on the inhibition mechanisms of ReACp53 peptide for p53-R175H mutant aggregation.	10.1039/d1cp03094a	2021
sha256-a48caf445a32f0a8	articles/p53_aggregation/Lemos 2020 iScience - Identification of Small Molecules that Modulate Mutant p53 Condensation.pdf	matched	Identification of Small Molecules that Modulate Mutant p53 Condensation	10.1016/j.isci.2020.101517	2020
sha256-278a53c466f96d65	articles/p53_aggregation/Luo 2022 IJBM - Phase separation of p53 induced by its unstructured basic region and prevented by oncogenic mutations in tetramerization domain.pdf	matched	Phase separation of p53 induced by its unstructured basic region and prevented by oncogenic mutations in tetramerization domain.	10.1016/j.ijbiomac.2022.09.087	2022
sha256-1c375e7f206a4d0d	articles/p53_aggregation/Silva 2014 Cell - Prion-like aggregation of mutant p53 in cancer.pdf	needs_manual_review	Prion-like aggregation of mutant p53 in cancer.	10.1016/j.tibs.2014.04.001	2014
sha256-be5ccd3baa4e5b5d	articles/p53_aggregation/Silva 2016 srep - Aggregation tendencies in the p53 family are modulated by backbone hydrogen bonds.pdf	matched	Aggregation tendencies in the p53 family are modulated by backbone hydrogen bonds	10.1038/srep32535	2016
sha256-98d493f3dd5df3be	articles/p53_aggregation/Silva 2021 ChemSci - Phase separation of p53 precedes aggregation and is affected by oncogenic mutations and ligands.pdf	matched	Phase separation of p53 precedes aggregation and is affected by oncogenic mutations and ligands	10.1039/D1SC01739J	2021
sha256-3e8be182f7d76687	articles/p53_aggregation/Soragni 2016 CancerCell - A Designed Inhibitor of p53 Aggregation Rescues p53 Tumor Suppression in Ovarian Carcinomas.pdf	matched	A Designed Inhibitor of p53 Aggregation Rescues p53 Tumor Suppression in Ovarian Carcinomas.	10.1016/j.ccell.2015.12.002	2016
sha256-50140a8a0cb01529	articles/p53_aggregation/Vekilov 2019 iScience - Anomalous Dense Liquid Condensates Host the Nucleation of Tumor Suppressor p53 Fibrils.pdf	matched	Anomalous Dense Liquid Condensates Host the Nucleation of Tumor Suppressor p53 Fibrils	10.1016/j.isci.2019.01.027	2019
sha256-5ed77582d9a473e6	articles/p53_aggregation/Vekilov 2021 PNAS - mesoscopic-protein-rich-clusters-host-the-nucleation-of-mutant-p53-amyloid-fibrils.pdf	matched	Mesoscopic protein-rich clusters host the nucleation of mutant p53 amyloid fibrils	10.1073/pnas.2015618118	2021
sha256-eabe48b38ae7610a	articles/p53_aggregation/Wilcken 2012 PNAS -kinetic-mechanism-of-p53-oncogenic-mutant-aggregation-and-its-inhibition.pdf	matched	Kinetic mechanism of p53 oncogenic mutant aggregation and its inhibition	10.1073/pnas.1211550109	2012
sha256-3d60b9d4f3458982	articles/p53_aggregation/Zhang 2021 fcell - Emerging Roles of Liquid–Liquid Phase Separation in Cancer.pdf	matched	Emerging Roles of Liquid–Liquid Phase Separation in Cancer: From Protein Aggregation to Immune-Associated Signaling	10.3389/fcell.2021.631486	2021
sha256-b3ac0615b0a36f5a	articles/p53_general/2015 Prives p53 C Terminus Controls Site-Specific DNA Binding.pdf	matched_via_doi	The p53 C Terminus Controls Site-Specific DNA Binding and Promotes Structural Changes within the Central DNA Binding Domain	10.1016/j.molcel.2015.02.015	2015
sha256-28c17db1bc4053cf	articles/p53_general/2020 REVIEW Lozano p53 tetramerization- at the center of the dominant-negative effect of mutant p53.pdf	matched	p53 tetramerization: at the center of the dominant-negative effect of mutant p53	10.1101/gad.340976.120	2020
sha256-ee1a38320a378b27	articles/p53_general/Allostery - Papaleo 2020 - Investigating Conformational Dynamics and Allostery in the p53 DNA-Binding Domain Using Molecular Simulations.pdf	matched	Investigating Conformational Dynamics and Allostery in the p53 DNA-Binding Domain Using Molecular Simulations.	10.1007/978-1-0716-1154-8_13	2020
sha256-2f254a80d793cb20	articles/p53_general/Best 2021 JPCB - A Data-driven Hydrophobicity Scale for Predicting Liquid-Liquid Phase Separation of Proteins - SI.pdf	matched	A Data-Driven Hydrophobicity Scale for Predicting Liquid-Liquid Phase Separation of Proteins.	10.1021/acs.jpcb.0c11479	2021
sha256-70f2c03458de99a9	articles/p53_general/Ebert 2019 Science - A dominant-negative effect drives selection of TP53 missense mutations in myeloid malignancies.pdf	matched	A dominant-negative effect drives selection of TP53 missense mutations in myeloid malignancies	10.1126/science.aax3649	2019
sha256-6921dc32f9a2a303	articles/p53_general/Fersht 2007 PNAS - Four-domains-of-p300-each-bind-tightly-to-a-sequence-spanning-both-transactivation-subdomains-of-p53.pdf	matched	Four domains of p300 each bind tightly to a sequence spanning both transactivation subdomains of p53	10.1073/pnas.0702010104	2007
sha256-a9e6bdbf2b10d218	articles/p53_general/Fersht 2007 PNAS - Quaternary-structures-of-tumor-suppressor-p53-and-a-specific-p53-dna-complex.pdf	matched	Quaternary structures of tumor suppressor p53 and a specific p53–DNA complex	10.1073/pnas.0705069104	2007
sha256-97dbd2cc6ae220fb	articles/p53_general/Fersht 2008 PNAS - Structure of tumor suppressor p53 and its intrinsicallydisordered N-terminal transactivation domain.pdf	matched	Structure of tumor suppressor p53 and its intrinsically disordered N-terminal transactivation domain	10.1073/pnas.0801353105	2008
sha256-76faee48cd18ec38	articles/p53_general/Kamagata 2023 NAR - Single-molecule characterization of target search dynamics of DNA-binding proteins in DNA-condensed droplets.pdf	matched	Single-molecule characterization of target search dynamics of DNA-binding proteins in DNA-condensed droplets	10.1093/nar/gkad471	2023
sha256-2e0ae8e7bbb1c6ba	articles/p53_general/Oren 2024 Cell - p53- A tale of complexity and context.pdf	matched	p53: A tale of complexity and context.	10.1016/j.cell.2024.02.043	2024
sha256-f836af38f6178bba	articles/p53_general/Saha 2015 - Structural and sequential context of p53 - review.pdf	matched_via_doi	Structural and sequential context of p53: A review of experimental and theoretical evidence	10.1016/j.pbiomolbio.2014.12.002	2015
sha256-08ca2bfe793bba78	articles/p53_general/Skepo 2024 JCTC - exploring-the-role-of-globular-domain-locations-on-an-intrinsically-disordered-region-of-p53-a.pdf	matched_via_doi	Exploring the Role of Globular Domain Locations on an Intrinsically Disordered Region of p53: A Molecular Dynamics Investigation	10.1021/acs.jctc.3c00971	2024
sha256-ab974965fd1b8672	articles/p53_general/Strasser 2024 Cancer Discov - Loss-of-Function but Not Gain-of-Function Properties of Mutant TP53 Are Critical for the Proliferation, Survival, and Metastasis of a Broad Range of Cancer Cells.pdf	matched_via_doi	Loss-of-Function but Not Gain-of-Function Properties of Mutant TP53 Are Critical for the Proliferation, Survival, and Metastasis of a Broad Range of Cancer Cells	10.1158/2159-8290.cd-23-0402	2024
sha256-e8920efc94b873d0	articles/p53_general/Terakawa 2015 Srep - p53 dynamics upon response element recognition explored by molecular simulations.pdf	matched	p53 dynamics upon response element recognition explored by molecular simulations	10.1038/srep17107	2015
sha256-92b34aaa097f6f30	articles/p53_isoforms/Candeias 2016 EMBOrep - Cancer-specific mutations in p53 induce the translation of delta160p53 promoting tumorigenesis.pdf	matched	Cancer‐specific mutations in p53 induce the translation of Δ160p53 promoting tumorigenesis	10.15252/embr.201541956	2016
sha256-7719ecc9d77af6f7	articles/p53_isoforms/Candeias 2023 biorxiv - Internal Translation of p53 Oncoproteins During Integrated Stress Response Confers Survival Advantage on Cancer Cells.pdf	matched	Internal Translation of p53 Oncoproteins During Integrated Stress Response Confers Survival Advantage on Cancer Cells	10.1101/2023.03.03.531004	2023
sha256-a9cf39b34aed6214	articles/p53_isoforms/Lane 2005 GenesDev - p53 isoforms can regulate p53 transcriptional activity.pdf	matched	p53 isoforms can regulate p53 transcriptional activity.	10.1101/GAD.1339905	2005
sha256-fd430fe39fd7a074	articles/p53_isoforms/Roux 2016 eLife - TP53 drives invasion through expression of its delta133p53beta variant.pdf	matched	TP53 drives invasion through expression of its Δ133p53β variant	10.7554/eLife.14734	2016
sha256-6efec84b82d8813f	articles/p53_isoforms/Vieler 2018 cancers - p53 Isoforms and Their Implications in Cancer.pdf	matched	p53 Isoforms and Their Implications in Cancer	10.3390/cancers10090288	2018
sha256-10e7ce7e6b607552	articles/p53_isoforms/khoury-bourdon-2011-p53-isoforms-an-intracellular-microprocessor.pdf	matched	p53 Isoforms: An Intracellular Microprocessor?	10.1177/1947601911408893	2011
sha256-518889793c3c6700	articles/p53_stability/2007 review - Structure-function-rescue - the diverse nature of common p53 cancer mutants.pdf	matched	Structure–function–rescue: the diverse nature of common p53 cancer mutants	10.1038/sj.onc.1210291	2007
sha256-936448ea53b47e2f	articles/p53_stability/2014 review - Pathological Unfoldomics of Uncontrolled Chaos.pdf	matched	Pathological unfoldomics of uncontrolled chaos: intrinsically disordered proteins and human diseases.	10.1021/cr400713r	2014
sha256-145d278e266511de	articles/p53_stability/Brandt 2012 - PlosONE - Stability of p53 Homologs.pdf	matched	Stability of p53 Homologs	10.1371/journal.pone.0047889	2012
sha256-f7dcd7a68625b64f	articles/p53_stability/Bullock 1997 PNAS - thermodynamic-stability-of-wild-type-and-mutant-p53-core-domain.pdf	matched	Thermodynamic stability of wild-type and mutant p53 core domain.	10.1073/PNAS.94.26.14338	1997
sha256-7866289aa7b53eb7	articles/p53_stability/Bullock 2000 Oncogene - Quantitative analysis of residual folding and DNA binding in mutant p53 core domain.pdf	matched	Quantitative analysis of residual folding and DNA binding in mutant p53 core domain: definition of mutant states for rescue in cancer therapy	10.1038/sj.onc.1203434	2000
sha256-eca745aebf9f2833	articles/p53_stability/Khoo 2009 JMB - Adaptive Evolution of p53 Thermodynamic Stability.pdf	matched	Adaptive evolution of p53 thermodynamic stability.	10.1016/j.jmb.2009.08.013	2009
sha256-22808a680664a681	articles/p53_stability/Lei 2016 PCCP - Self-aggregation and coaggregation of the p53 core fragment with its aggregation gatekeeper variant.pdf	matched	Self-aggregation and coaggregation of the p53 core fragment with its aggregation gatekeeper variant.	10.1039/c5cp06538k	2016
sha256-7727ab5c1e318301	articles/p53_stability/Lei 2019 FASEB - Conformational stability and dynamics of the cancer-associated p53 isoforms.pdf	matched_via_doi	Conformational stability and dynamics of the cancer‐associated isoform Δ133p53β are modulated by p53 peptides and p53‐specific DNA	10.1096/fj.201801973r	2019
sha256-b5fb665bdfa5146f	articles/p53_stability/Osterburg 2023 CDD - Disease-related p63 DBD mutations impair DNA binding by distinct mechanisms and varying degree.pdf	matched	Disease-related p63 DBD mutations impair DNA binding by distinct mechanisms and varying degree	10.1038/s41419-023-05796-y	2023
sha256-2e0de49d5c35a326	articles/p53_stability/Pagano 2013 PlosONE - Structure and Stability Insights into Tumour Suppressor p53 Evolutionary Related Proteins.pdf	matched	Structure and Stability Insights into Tumour Suppressor p53 Evolutionary Related Proteins	10.1371/journal.pone.0076014	2013
sha256-61aad9f295fba67a	articles/protein_aggregation/1-s2.0-S0022283610008648-main.pdf	matched_via_doi	Proteome-Level Interplay between Folding and Aggregation Propensities of Proteins	10.1016/j.jmb.2010.08.013	2010
sha256-8ababd633bb514ee	articles/protein_aggregation/Grolmusz 2021 biomolecules - The Budapest Amyloid Predictor and Its Applications.pdf	matched_via_doi	The Budapest Amyloid Predictor and Its Applications	10.3390/biom11040500	2021
sha256-446da105e0846d0b	articles/protein_aggregation/Kinjo 2002 PRE - Effects of macromolecular crowding on protein folding and aggregation studied by density functional theory - Dynamics.pdf	matched_via_doi	Effects of macromolecular crowding on protein folding and aggregation studied by density functional theory: Dynamics	10.1103/physreve.66.051902	2002
sha256-14d11e832be31c22	articles/protein_aggregation/Kinjo 2002 PRE - Effects of macromolecular crowding on protein folding and aggregation studied by density functional theory - Statics.pdf	matched_via_doi	Effects of macromolecular crowding on protein folding and aggregation studied by density functional theory: Statics	10.1103/physreve.66.031911	2002
sha256-adbe2d445b03472a	articles/protein_aggregation/Kinjo 2003 BiophysJ - Competition between Protein Folding and Aggregation with Molecular Chaperones in Crowded Solutions - Insight from Mesoscopic Simulations.pdf	matched	Competition between protein folding and aggregation with molecular chaperones in crowded solutions: insight from mesoscopic simulations.	10.1016/S0006-3495(03)74772-9	2003
sha256-10b07b14aef3f4ba	articles/protein_aggregation/Lubchenko 2010 JPCB - Origin of Anomalous Mesoscopic Phases in Protein Solutions.pdf	matched	Origin of anomalous mesoscopic phases in protein solutions.	10.1021/jp100617w	2010
sha256-7c87c77e96b4abb9	articles/protein_aggregation/Lubchenko 2019 NatCommun - A mechanism for reversible mesoscopic aggregation in liquid solutions.pdf	matched_via_doi	A mechanism for reversible mesoscopic aggregation in liquid solutions	10.1038/s41467-019-10270-5	2019
sha256-916ce1668af71dff	articles/protein_aggregation/Minton 1998 MethEnzym - Molecular Crowding.pdf	not_found	Liver and Hepatocyte Xenotransplantation∗∗Work in the authors’ laboratories is supported by grants from the National Institutes of Health.	10.1016/B978-1-4557-0268-8.00103-2	2015
sha256-5771e64bcea0769c	articles/protein_aggregation/Thirumalai 2003 COSB - merging ideas on the molecular basis of protein and peptide aggregation.pdf	matched_via_doi	Emerging ideas on the molecular basis of protein and peptide aggregation	10.1016/s0959-440x(03)00032-0	2003
sha256-d0154acc4dc8d8c3	articles/protein_aggregation/hsu-prausnitz-2002-thermodynamics-of-polymer-compatibility-in-ternary-systems.pdf	needs_manual_review	Thermodynamics of Polymer Compatibility in Ternary Systems	10.1021/MA60039A012	1974
sha256-01b1c6bb79c47231	articles/protein_folding_and_design/Baker 1997 - Assembly of protein tertiary structures from fragments with similar local sequences using simulated annealing and Bayesian scoring functions.pdf	matched	Assembly of protein tertiary structures from fragments with similar local sequences using simulated annealing and Bayesian scoring functions.	10.1006/JMBI.1997.0959	1997
sha256-39ef2827d8f18342	articles/protein_folding_and_design/Baker 2000 Nature - A surprising simplicity to protein folding.pdf	matched	A surprising simplicity to protein folding	10.1038/35011000	2000
sha256-1a866afccf034336	articles/protein_folding_and_design/Baker 2003 Science - Design of a Novel Globular Protein Fold with Atomic-Level Accuracy.pdf	matched	Design of a Novel Globular Protein Fold with Atomic-Level Accuracy	10.1126/SCIENCE.1089427	2003
sha256-46c46f75715102f3	articles/protein_folding_and_design/Baker 2004 - Protein structure prediction using Rosetta.pdf	matched	Protein Structure Prediction Using Rosetta	10.1016/S0076-6879(04)83004-0	2004
sha256-1096f2fc8b1a4907	articles/protein_folding_and_design/Baker 2008 Science - De novo computational design of retro-aldol enzymes.pdf	matched	De Novo Computational Design of Retro-Aldol Enzymes	10.1126/science.1152692	2008
sha256-75b1e17779ca1f43	articles/protein_folding_and_design/Baker 2011 Science - Computational Design of Proteins Targeting the Conserved Stem Region of Influenza Hemagglutinin.pdf	matched	Computational Design of Proteins Targeting the Conserved Stem Region of Influenza Hemagglutinin	10.1126/science.1202617	2011
sha256-89481cef7373f8f0	articles/protein_folding_and_design/Baker 2012 Nature - Principles for designing ideal protein structures.pdf	matched	Principles for designing ideal protein structures	10.1038/nature11600	2012
sha256-db8d4aef637e2a80	articles/protein_folding_and_design/Baker 2016 NatChemBiol - De novo design of a four-fold symmetric TIM-barrel protein with atomic-level accuracy.pdf	matched_via_doi	De novo design of a four-fold symmetric TIM-barrel protein with atomic-level accuracy	10.1038/nchembio.1966	2016
sha256-385fab81847507f6	articles/protein_folding_and_design/Baker 2019 Cell - Induction of Potent Neutralizing Antibody Responses by a Designed Protein Nanoparticle Vaccine for Respiratory Syncytial Virus.pdf	matched	Induction of Potent Neutralizing Antibody Responses by a Designed Protein Nanoparticle Vaccine for Respiratory Syncytial Virus	10.1016/j.cell.2019.01.046	2019
sha256-2b2b3a53d711d09f	articles/protein_folding_and_design/Baker 2019 Nature - De novo design of potent and selective mimics of IL-2 and IL-15.pdf	matched	De novo design of potent and selective mimics of IL-2 and IL-15	10.1038/s41586-018-0830-7	2019
sha256-3dc5f3355d9a3e96	articles/protein_folding_and_design/Baker 2025 NatMethods - Atom-level enzyme active site scaffolding using RFdiffusion2.pdf	matched	Atom-level enzyme active site scaffolding using RFdiffusion2	10.1038/s41592-025-02975-x	2025
sha256-aefce89fdfba50d6	articles/protein_folding_and_design/Chothia 1980 - How different amino acid sequences determine similar protein structures - The structure and evolutionary dynamics of the globins.pdf	matched	How different amino acid sequences determine similar protein structures: the structure and evolutionary dynamics of the globins.	10.1016/0022-2836(80)90373-3	1980
sha256-b5b046aed0b4e4df	articles/protein_folding_and_design/Chothia 1984 - The principles that determine the structure of proteins.pdf	needs_manual_review	Hydrogen Bonds	10.3390/molecules28041616	2023
sha256-e6a65d1be18964b8	articles/protein_folding_and_design/Chothia 1994 - Principles Determining the Structure of Beta-Sheet Barrels in Proteins I.pdf	matched	Principles determining the structure of beta-sheet barrels in proteins. I. A theoretical analysis.	10.1016/0022-2836(94)90064-7	1994
sha256-8c7d910aac9b88c4	articles/protein_folding_and_design/Chothia 1994 - Principles Determining the Structure of Beta-Sheet Barrels in Proteins II.pdf	matched	Principles determining the structure of beta-sheet barrels in proteins. II. The observed structures.	10.1016/0022-2836(94)90065-5	1994
sha256-702deb45948766f0	articles/protein_folding_and_design/Cooper 2017 Biochem Molecular Bio Educ - Creating 3D physical models to probe student understanding of macromolecular structure.pdf	matched	Creating 3D physical models to probe student understanding of macromolecular structure	10.1002/bmb.21076	2017
sha256-3e823b9da01b5195	articles/protein_folding_and_design/FASEB - 1995 - Reardon - The structure and evolution of alpha-beta barrel proteins.pdf	not_found	The structure and evolution o a/3 barrel proteins		2020
sha256-ae1d526e06627495	articles/protein_folding_and_design/Hanukoglu 2015 - Rossmann fold  A beta‐alpha‐beta fold at dinucleotide binding.pdf	matched	Multimedia in Biochemistry and Molecular Biology Education		2015
sha256-7ac06c6ceac261fc	articles/protein_folding_and_design/Hunter 2009 NAR - InterPro the integrative protein signature database.pdf	matched_via_doi	InterPro: the integrative protein signature database	10.1093/nar/gkn785	2009
sha256-fa9e7489127906a7	articles/protein_folding_and_design/Koga 2023 NSMB - Exploration of novel alpha-beta-protein folds through de novo design.pdf	matched_via_doi	Exploration of novel αβ-protein folds through de novo design	10.1038/s41594-023-01029-0	2023
sha256-4e5d326decc2cf0c	articles/protein_folding_and_design/Levitt - On the universe of protein folds.pdf	matched	On the universe of protein folds.	10.1146/annurev-biophys-083012-130432	2013
sha256-4e24b8e334cacb9c	articles/protein_folding_and_design/Levitt 2015 - The language of the protein universe.pdf	matched	The language of the protein universe.	10.1016/j.gde.2015.08.010	2015
sha256-9c91bc62f64087d6	articles/protein_folding_and_design/Levitt 2018 - Unique function words characterize genomic proteins.pdf	matched	Unique function words characterize genomic proteins	10.1073/pnas.1801182115	2018
sha256-697c7f581e30731b	articles/protein_folding_and_design/Listgarten 2026 Science - How artificial intelligence isreengineering protein engineering.pdf	matched	How artificial intelligence is reengineering protein engineering	10.1126/science.aec8444	2026
sha256-a062da666ccf7c71	articles/protein_folding_and_design/Medvedev 2021 JMolBiol - A Fifth of the Protein World - Rossmann-like Proteins as an Evolutionarily Successful Structural unit.pdf	matched_via_doi	A Fifth of the Protein World: Rossmann-like Proteins as an Evolutionarily Successful Structural unit	10.1016/j.jmb.2020.166788	2021
sha256-431c498a0d06775b	articles/protein_folding_and_design/Protein Supersecondary Structures.pdf	matched	Protein Supersecondary Structures	10.1007/978-1-4939-9161-7	2019
sha256-332a373258fe5b7e	articles/protein_folding_and_design/Rose 1988 Science - Helix Signals in Proteins.pdf	matched	Helix signals in proteins.	10.1126/SCIENCE.2837824	1988
sha256-72bf99e4f10a935d	articles/protein_folding_and_design/Rose 2006 PNAS - a-backbone-based-theory-of-protein-folding.pdf	matched	A backbone-based theory of protein folding	10.1073/pnas.0606843103	2006
sha256-f5b718491c976254	articles/protein_folding_and_design/Searls 2002 - The language of genes.pdf	matched	The language of genes	10.1038/nature01255	2002
sha256-e96b56af7638261e	articles/protein_folding_and_design/Starner 2015 - Ancestral protein reconstruction - techniques and applications.pdf	matched_via_doi	Ancestral protein reconstruction: techniques and applications	10.1515/hsz-2015-0158	2016
sha256-1a33b59a46a6da54	articles/protein_stability_mutagenesis/1-s2.0-S0959440X2200197X-main.pdf	matched_via_doi	Using machine learning to predict the effects and consequences of mutations in proteins	10.1016/j.sbi.2022.102518	2023
sha256-633286521d677cf9	articles/protein_stability_mutagenesis/1-s2.0-S2211124721017113-main.pdf	matched_via_doi	Predicting and interpreting large-scale mutagenesis data using analyses of protein stability and conservation	10.1016/j.celrep.2021.110207	2022
sha256-ba4627dc219b2f6f	articles/protein_stability_mutagenesis/Dieckhaus 2024 PNAS - transfer-learning-to-leverage-larger-datasets-for-improved-prediction-of-protein-stability-changes.pdf	needs_manual_review	Transfer learning to leverage larger datasets for improved prediction of protein stability changes	10.1101/2023.07.27.550881	2023
sha256-8ab50ed00b7d4108	articles/protein_stability_mutagenesis/Protein Science - 2022 - Sora.pdf	matched_via_doi	"<scp>RosettaDDGPrediction</scp>
                    for high‐throughput mutational scans: From stability to binding"	10.1002/pro.4527	2023
sha256-e7533743a86c2549	articles/protein_stability_mutagenesis/elife-82593-v2.pdf	matched	Rapid protein stability prediction using deep learning representations	10.1101/2022.07.14.500157	2023
sha256-fdd02160518c9229	articles/self-assembly/tezcan_2021_ChemRev_protein_assembly_design_review.pdf	needs_manual_review	261st American Chemical Society (ACS) National Meeting & Exposition. Virtual - April 5-16, 2021	10.1358/dof.2021.46.6.3310145	2021
sha256-b70cad2792835ec5	articles/soft_matter_theory/degennes_1985_RevModPhys_wetting.pdf	not_found	Fundamentals and Applications of Surface Wetting.	10.1021/acs.langmuir.3c03339	2024
sha256-aa5720607a9eaada	articles/soft_matter_theory/fisher_1982_PRL_wetting_landau.pdf	not_found	Evolution of nonconformal Landau-Levich-Bretherton films of partially wetting liquids	10.1103/PHYSREVFLUIDS.3.014203	2018
sha256-cda1ada88d139261	articles/soft_matter_theory/saam_1977_PRL_prewetting_dft.pdf	not_found	On Necessary and Sufficient Conditions for Local Controllability Along a Reference Trajectory	10.1007/978-94-010-2675-8_7	1973
